{"cameraMode":{"drawMode":0,"name":"Shaded","section":"Shading Mode"},"sceneLighting":true,"audioPlay":false,"sceneViewState":{"showFog":true,"showMaterialUpdate":false,"showSkybox":true,"showFlares":true,"showImageEffects":true,"showParticleSystems":true},"in2DMode":false,"pivot":{"x":915.9647827148438,"y":2.0291545391082765,"z":845.7032470703125},"rotation":{"x":0.009436151012778283,"y":0.9887092113494873,"z":-0.07071148604154587,"w":0.13188804686069489},"size":33.74720764160156,"orthographic":true}